{
  "version": 1,
  "author": "Anonymous maker",
  "editor": "wokwi",
  "parts": [
    { "type": "wokwi-breadboard", "id": "bb1", "top": -147, "left": -294.8, "attrs": {} },
    { "type": "wokwi-arduino-uno", "id": "uno", "top": 144.6, "left": -125.4, "attrs": {} },
    { "type": "wokwi-rgb-led", "id": "rgb1", "top": -332, "left": 39.5, "attrs": {} },
    {
      "type": "wokwi-resistor",
      "id": "r1",
      "top": -52.8,
      "left": -77.35,
      "rotate": 90,
      "attrs": { "value": "220000" }
    },
    {
      "type": "wokwi-resistor",
      "id": "r2",
      "top": -62.4,
      "left": -10.15,
      "rotate": 90,
      "attrs": { "value": "220000" }
    },
    {
      "type": "wokwi-resistor",
      "id": "r3",
      "top": -52.8,
      "left": 66.65,
      "rotate": 90,
      "attrs": { "value": "220000" }
    },
    { "type": "wokwi-rgb-led", "id": "rgb2", "top": -322.4, "left": -27.7, "attrs": {} },
    { "type": "wokwi-rgb-led", "id": "rgb3", "top": -332, "left": -152.5, "attrs": {} }
  ],
  "connections": [
    [ "r1:2", "bb1:24b.f", "red", [ "h0" ] ],
    [ "r2:2", "bb1:31b.g", "yellow", [ "h0" ] ],
    [ "r2:1", "bb1:31t.c", "yellow", [ "h0" ] ],
    [ "r3:2", "bb1:39b.i", "green", [ "h0" ] ],
    [ "r3:1", "bb1:39t.c", "green", [ "h0" ] ],
    [ "uno:2", "bb1:39b.j", "green", [ "v0" ] ],
    [ "uno:3", "bb1:31b.j", "yellow", [ "v0" ] ],
    [ "uno:4", "bb1:24b.j", "red", [ "v0" ] ],
    [ "bb1:tp.1", "uno:GND.1", "green", [ "v0" ] ],
    [ "rgb1:COM", "bb1:39t.a", "green", [ "v0" ] ],
    [ "rgb3:COM", "bb1:24t.a", "red", [ "v0" ] ],
    [ "rgb2:COM", "bb1:31t.a", "yellow", [ "v0" ] ],
    [ "rgb1:G", "bb1:tp.31", "green", [ "v0" ] ],
    [ "rgb3:R", "bb1:tp.19", "red", [ "v0" ] ],
    [ "r3:1", "bb1:39t.b", "green", [ "h0" ] ],
    [ "rgb2:R", "bb1:tp.25", "yellow", [ "v0" ] ],
    [ "rgb2:G", "bb1:tp.25", "yellow", [ "v0" ] ],
    [ "r1:1", "bb1:24t.b", "red", [ "h0" ] ],
    [ "r1:1", "bb1:24t.c", "", [ "$bb" ] ],
    [ "r1:2", "bb1:24b.g", "", [ "$bb" ] ],
    [ "r2:1", "bb1:31t.b", "", [ "$bb" ] ],
    [ "r2:2", "bb1:31b.f", "", [ "$bb" ] ],
    [ "r3:2", "bb1:39b.g", "", [ "$bb" ] ]
  ],
  "dependencies": {}
}